Ardeleanu Mircea,355879972793,08.03.1969 00:00:00,ardeleanu.mircea@gmail.com,0742322438,*8
Badea Ion,588305432920,20.03.1989 00:00:00,badea.ion@gmail.com,0763677766,*1*2*4
Badea Nicolae,538414127215,27.04.1987 00:00:00,badea.nicolae@gmail.com,0762933535,*10*11
Badescu Anny Lavinia,957396538138,31.08.1991 00:00:00,badescu.anny.lavinia@gmail.com,0753667362,*42
Badic Mihai Florentin,646138879955,31.01.1988 00:00:00,badic.mihai@gmail.com,0767497678,*41
Baltag Octavian,608285318537,07.06.1998 00:00:00,baltag.octavian@gmail.com,0763278899,
Baraboi Adrian,978056103325,15.07.1985 00:00:00,baraboi.adrian@gmail.com,0762669613,*6
Baran Maria Ileana,617697238768,25.05.1995 00:00:00,baran.maria.ileana@gmail.com,0772596541,
Bechet Paul,222780437681,11.05.1994 00:00:00,bechet.paul@gmail.com,0745246544,*7*9
Bidian Dan,303421103080,19.05.1991 00:00:00,bidian.dan@gmail.com,0736595881,
Bitoleanu Alexandru,620716892600,14.09.1962 00:00:00,bitoleanu.alexandru@gmail.com,0746862948,
Bicu Aida,174519938405,07.01.2005 00:00:00,bicu.aida@gmail.com,0781686332,
Bogdan Octavian,885609868473,24.12.1996 00:00:00,bogdan.octavian@gmail.com,0748152338,
Boltasu Catalin,899023435023,11.12.1965 00:00:00,boltasu.catalin@gmail.com,0731759526,
Brojboiu Maria,595381061433,07.11.1995 00:00:00,brojboiu.maria@gmail.com,0786848812,
Cazacu Dumitru,752435502380,19.10.1994 00:00:00,cazacu.dumitru@gmail.com,0781574864,
Calin Marius Daniel,929342748399,10.07.1983 00:00:00,calin.marius.daniel@gmail.com,0711114417,
Cernat Mihai,361569765403,05.10.2005 00:00:00,cernat.mihai@gmail.com,0799778543,
Chiuta Ion,958658094544,05.12.1970 00:00:00,chiuta.ion@gmail.com,0749411316,
Chiuta Ionut Alexandru,975365283847,12.06.1978 00:00:00,chiuta.ionut.alexandru@gmail.com,0762956365,
C�mpan Liliana Reli,202885229659,20.06.1997 00:00:00,c�mpan.liliana.reli@gmail.com,0795333853,
Coatu Sorin,415511607414,26.09.1964 00:00:00,coatu.sorin@gmail.com,0783174236,
Cobzaru Alina,285647070396,25.03.1995 00:00:00,cobzaru.alina@gmail.com,0726969318,
Coca Eugen,410213936751,08.02.2006 00:00:00,coca.eugen@gmail.com,0774379618,
Cofaru Corneliu,170515341096,02.04.1996 00:00:00,cofaru.corneliu@gmail.com,0711475841,
Constantinescu Mircea,557104261688,18.02.2005 00:00:00,constantinescu.mircea@gmail.com,0776443511,
Costea Marian,785336501878,01.03.1967 00:00:00,costea.marian@gmail.com,0715117257,
Costin Ana Maria,577611925253,02.07.1982 00:00:00,costin.ana.maria@gmail.com,0778136711,
Cristescu Dorin,043384541810,12.08.1969 00:00:00,cristescu.dorin@gmail.com,0728599642,
Darie Eleonora,663181367094,16.04.2002 00:00:00,darie.eleonora@gmail.com,0767741347,
Darie Emanuel,542926644451,29.06.1990 00:00:00,darie.emanuel@gmail.com,0796637529,
David Valeriu,926509660181,05.11.1964 00:00:00,david.valeriu@gmail.com,0778252379,
Danulescu Razvan,425364316932,27.03.1970 00:00:00,danulescu.razvan@gmail.com,0712732167,
De Sabata Aldo,209405846098,30.04.1972 00:00:00,de.sabata.aldo@gmail.com,0749883998,
Deliu Hermina,371623928970,08.11.2005 00:00:00,deliu.hermina@gmail.com,0728856446,
Dobref Vasile,765657923504,11.01.1985 00:00:00,dobref.vasile@gmail.com,0732716114,
Duma Denisa,976610860541,30.10.2008 00:00:00,duma.denisa@gmail.com,0788977284,
Dumbrava Ionel,688344155459,28.08.1982 00:00:00,dumbrava.ionel@gmail.com,0739371171,
Duta Marian,334293164587,09.03.1969 00:00:00,duta.marian@gmail.com,0716338278,
Enache Sorin,232877920013,11.02.1974 00:00:00,enache.sorin@gmail.com,0786684366,
Florea Ionel,991293128970,13.06.1968 00:00:00,florea.ionel@gmail.com,0734719586,
Fratu Aurel,187503711213,25.03.1970 00:00:00,fratu.aurel@gmail.com,0746958644,
Giurgiu Valer,980563238287,05.07.1990 00:00:00,giurgiu.valer@gmail.com,0777329778,
Goiceanu Cristian,066356073100,19.09.1960 00:00:00,goiceanu.cristian@gmail.com,0739986799,
Golovanov Carmen,856566735409,11.01.1997 00:00:00,golovanov.carmen@gmail.com,0792451829,
Hebedean Claudia,702576046578,03.07.1965 00:00:00,hebedean.claudia@gmail.com,0795866736,
Helerea Elena,814248783418,11.03.1981 00:00:00,helerea.elena@gmail.com,0797452895,
Ignea Alimpie,622174848508,21.06.1993 00:00:00,ignea.alimpie@gmail.com,0758859896,
Ivanov Virginia,420393007729,12.01.2005 00:00:00,ivanov.virginia@gmail.com,0711124577,
Jurca Traian,834082970309,21.08.1974 00:00:00,jurca.traian@gmail.com,0799693815,
Lascu Dan,864921649132,01.10.1990 00:00:00,lascu.dan@gmail.com,0729342652,
Lascu Mihaela,497405380619,05.05.2004 00:00:00,lascu.mihaela@gmail.com,0787397278,
Leonida Tudor,913029658316,26.06.1980 00:00:00,leonida.tudor@gmail.com,0793838577,
Lunca Eduard,198864933067,08.12.1999 00:00:00,lunca.eduard@gmail.com,0747649361,
Lungoci Gavril,713286272719,21.12.2000 00:00:00,lungoci.gavril@gmail.com,0758793585,
Macovei Gheorghe,907937037896,06.07.1961 00:00:00,macovei.gheorghe@gmail.com,0793715438,
Manea Lucian,640784429428,11.01.1994 00:00:00,manea.lucian@gmail.com,0742357114,
Marinescu Andrei,662579239116,28.12.2003 00:00:00,marinescu.andrei@gmail.com,0714894722,
Marinescu Danut,093789351288,14.06.2008 00:00:00,marinescu.danut@gmail.com,0791861476,
Marinescu Ioan,740247758373,12.06.1979 00:00:00,marinescu.ioan@gmail.com,0793761325,
Mariut Elena Larisa,686234427753,20.12.1965 00:00:00,mariut.elena.larisa@gmail.com,0796478773,
Matoi Adrian,756161838842,07.05.2000 00:00:00,matoi.adrian@gmail.com,0779821832,
Miclaus Simona,990581555303,26.09.1977 00:00:00,miclaus.simona@gmail.com,0754385382,
Mihai Catalin,599495883935,17.04.1982 00:00:00,mihai.catalin@gmail.com,0716898555,
Mihai George,658620592213,09.07.1966 00:00:00,mihai.george@gmail.com,0749728117,
Moasa Costela,769630222122,28.06.2007 00:00:00,moasa.costela@gmail.com,0749898544,
Morariu Nicolae,668435102104,27.06.1998 00:00:00,morariu.nicolae@gmail.com,0756848641,
Morega Mihaela,627560605156,29.04.1981 00:00:00,morega.mihaela@gmail.com,0763569687,
Mosoiu Ionita Traian,494736310536,26.01.1987 00:00:00,mosoiu.ionita.traian@gmail.com,0715667343,
Munteanu Adrian,033048519835,13.07.1961 00:00:00,munteanu.adrian@gmail.com,0778935988,
Munteanu Calin,563720743503,15.09.2003 00:00:00,munteanu.calin@gmail.com,0777579485,
Munteanu Toader,880184739552,08.02.1995 00:00:00,munteanu.toader@gmail.com,0789319932,
Muresan Teofil,744353868824,04.03.1967 00:00:00,muresan.teofil@gmail.com,0765915966,
Neamt Liviu,149455362965,16.09.2005 00:00:00,neamt.liviu@gmail.com,0763516447,
Nicoara Tania,388669242613,15.06.1997 00:00:00,nicoara.tania@gmail.com,0783274161,
Nicolae George,150100352725,30.10.1985 00:00:00,nicolae.george@gmail.com,0749377424,
Nicoleanu Paul,331352894116,31.01.1975 00:00:00,nicoleanu.paul@gmail.com,0794277526,
Nitu Victor Mihai,695344741817,16.11.2002 00:00:00,nitu.victor.mihai@gmail.com,0786335956,
Ofrim Dragos,569573573957,02.04.2007 00:00:00,ofrim.dragos@gmail.com,0785475495,
Ogrutan Petre,498749876912,30.12.1961 00:00:00,ogrutan.petre@gmail.com,0777772557,
Oltean Ioan Danut,420248929594,22.04.2000 00:00:00,oltean.ioan.danut@gmail.com,0791559934,
Oltu Orest,352803110715,07.07.2006 00:00:00,oltu.orest@gmail.com,0719525272,
Pana Gheorghe,127389076629,13.01.2005 00:00:00,pana.gheorghe@gmail.com,0779266625,
Parfene Sorin,993955638058,09.10.2005 00:00:00,parfene.sorin@gmail.com,0784623636,
Pacurar Claudia,662526074344,09.06.1995 00:00:00,pacurar.claudia@gmail.com,0775772394,
Patru Ion,139799461933,20.06.1976 00:00:00,patru.ion@gmail.com,0763385567,
Petreanu Viorica,013899337476,29.01.2006 00:00:00,petreanu.viorica@gmail.com,0765596313,
Pop Ioan,423862965367,05.01.2002 00:00:00,pop.ioan@gmail.com,0746882434,
Popa Dorin,996314488435,26.04.2002 00:00:00,popa.dorin@gmail.com,0761262211,
Popa Dragos,700681492430,25.11.1991 00:00:00,popa.dragos@gmail.com,0754926743,
Popa Ioan,833391967869,26.05.2008 00:00:00,popa.ioan@gmail.com,0784537197,
Popa Valentin,109436976794,04.03.1965 00:00:00,popa.valentin@gmail.com,0764673294,
Popescu Claudia,041745458938,31.10.1979 00:00:00,popescu.claudia@gmail.com,0779776466,
Popescu Mihai Octavian,396554907390,31.10.1993 00:00:00,popescu.mihai.octavian@gmail.com,0774498425,
Popescu Mihaela,623082037098,01.03.1977 00:00:00,popescu.mihaela@gmail.com,0711828617,
Popescu Silvia,656275573478,13.06.2009 00:00:00,popescu.silvia@gmail.com,0774765489,
Rab Laura,773011594638,29.04.1968 00:00:00,rab.laura@gmail.com,0732317576,
Radu Serghei,687948282092,09.02.2000 00:00:00,radu.serghei@gmail.com,0783573741,
Racasan Nicoleta,769922527222,24.02.2003 00:00:00,racasan.nicoleta@gmail.com,0758924829,
Radulescu Marin,658213165007,02.02.2008 00:00:00,radulescu.marin@gmail.com,0791745314,
Robu Octavian,254201949253,29.04.1995 00:00:00,robu.octavian@gmail.com,0745346694,
Rucinschi Dan Cristian,399248996553,03.09.1972 00:00:00,rucinschi.dan.cristian@gmail.com,0794799897,
Sacerdotianu Dumitru,650408365720,15.02.1961 00:00:00,sacerdotianu.dumitru@gmail.com,0767152353,
Samoilescu Gheorghe,373582138215,01.03.2003 00:00:00,samoilescu.gheorghe@gmail.com,0744438856,
Sandu Florin,167836716710,19.04.1960 00:00:00,sandu.florin@gmail.com,0758573957,
Salceanu Alexandru,644116571973,29.01.1997 00:00:00,salceanu.alexandru@gmail.com,0716581619,
Scornea Aurelia,169849404060,19.01.1995 00:00:00,scornea.aurelia@gmail.com,0741111459,
Scutaru Gheorghe,797682872657,09.11.1986 00:00:00,scutaru.gheorghe@gmail.com,0773211723,
Silaghi Andrei Marius,760447940696,11.12.1994 00:00:00,silaghi.andrei.marius@gmail.com,0713145818,
Silaghi Marius Alexandru,662305211700,24.12.1965 00:00:00,silaghi.marius.alexandru@gmail.com,0731267787,
Simion Emil,311933354836,26.09.1971 00:00:00,simion.emil@gmail.com,0736191384,
Snae Gabriel,814413255030,20.02.1990 00:00:00,snae.gabriel@gmail.com,0777464798,
Soimu Andreea Valeria,741322179832,01.03.1976 00:00:00,soimu.andreea.valeria@gmail.com,0744977367,
Sotir Alexandru,891498328040,08.08.1963 00:00:00,sotir.alexandru@gmail.com,0767811478,
Stanescu Constantin,537983046456,02.03.2004 00:00:00,stanescu.constantin@gmail.com,0759964191,
Stefanescu Florian,033152408780,09.02.1999 00:00:00,stefanescu.florian@gmail.com,0723696799,
Stoia Dan,477931987154,10.01.1979 00:00:00,stoia.dan@gmail.com,0718282964,
Teodoro Emil,538958912035,29.09.1972 00:00:00,teodoro.emil@gmail.com,0758653485,
Titihazan Viorel,039203748182,17.11.2004 00:00:00,titihazan.viorel@gmail.com,0719526367,
Ursachi Cornel,120358505425,26.01.1982 00:00:00,ursachi.cornel@gmail.com,0735914864,
Ursea Lucian,777774654701,14.11.1980 00:00:00,ursea.lucian@gmail.com,0758212245,
